<?xml version="1.0" encoding="UTF-8"?><rss version="2.0"
	xmlns:content="http://purl.org/rss/1.0/modules/content/"
	xmlns:wfw="http://wellformedweb.org/CommentAPI/"
	xmlns:dc="http://purl.org/dc/elements/1.1/"
	xmlns:atom="http://www.w3.org/2005/Atom"
	xmlns:sy="http://purl.org/rss/1.0/modules/syndication/"
	xmlns:slash="http://purl.org/rss/1.0/modules/slash/"
	>

<channel>
	<title>HealthPsych</title>
	<atom:link href="http://10.0.0.23/feed/?simply_static_page=37" rel="self" type="application/rss+xml" />
	<link>/</link>
	<description>Connect with a psychologist that understands impact of chronic pain and receive personalised and client focused support.</description>
	<lastBuildDate>Sat, 25 Mar 2023 22:47:20 +0000</lastBuildDate>
	<language>en-AU</language>
	<sy:updatePeriod>
	hourly	</sy:updatePeriod>
	<sy:updateFrequency>
	1	</sy:updateFrequency>
	<generator>https://wordpress.org/?v=6.1.1</generator>
	<item>
		<title>Hello world!</title>
		<link>/2023/03/25/hello-world/</link>
					<comments>/2023/03/25/hello-world/#comments</comments>
		
		<dc:creator><![CDATA[Psychodana]]></dc:creator>
		<pubDate>Sat, 25 Mar 2023 22:47:20 +0000</pubDate>
				<category><![CDATA[Uncategorised]]></category>
		<guid isPermaLink="false">/?p=1</guid>

					<description><![CDATA[Welcome to WordPress. This is your first post. Edit or delete it, then start writing!]]></description>
										<content:encoded><![CDATA[
<p>Welcome to WordPress. This is your first post. Edit or delete it, then start writing!</p>
]]></content:encoded>
					
					<wfw:commentRss>/2023/03/25/hello-world/feed/</wfw:commentRss>
			<slash:comments>1</slash:comments>
		
		
			</item>
	</channel>
</rss>
