<?xml version="1.0" encoding="UTF-8"?><rss version="2.0"
	xmlns:content="http://purl.org/rss/1.0/modules/content/"
	xmlns:dc="http://purl.org/dc/elements/1.1/"
	xmlns:atom="http://www.w3.org/2005/Atom"
	xmlns:sy="http://purl.org/rss/1.0/modules/syndication/"
	
	>
<channel>
	<title>
	Comments on: Our Approach	</title>
	<atom:link href="http://10.0.0.23/welcome-to-health-psych/feed/?simply_static_page=39" rel="self" type="application/rss+xml" />
	<link>/</link>
	<description>Connect with a psychologist that understands impact of chronic pain and receive personalised and client focused support.</description>
	<lastBuildDate>Sat, 25 Mar 2023 23:22:04 +0000</lastBuildDate>
	<sy:updatePeriod>
	hourly	</sy:updatePeriod>
	<sy:updateFrequency>
	1	</sy:updateFrequency>
	<generator>https://wordpress.org/?v=6.1.1</generator>
</channel>
</rss>
